{
    "experiments": [
        {
            "hvalue": 8,
            "loss": [
                0.17156686887810046,
                0.04459819648876902,
                0.038310511260881405,
                0.03535174440006131,
                0.03288145939653038,
                0.03050823620828413,
                0.030182741866104815,
                0.027991841826158735,
                0.028128503385155115,
                0.026595595760102442,
                0.024466792741808935,
                0.025586356637715253,
                0.02341236315148998,
                0.02283607255947545,
                0.023029677516557392,
                0.021358924708481615,
                0.021599643916368715,
                0.020117792858137484,
                0.020657158974244586,
                0.017555948507231387
            ],
            "val_loss": [
                0.07764967957612227,
                0.0469693332860196,
                0.04806247640501808,
                0.041272793934252615,
                0.03568619443103671,
                0.03783740005078348,
                0.03746241171894645,
                0.04533294254813243,
                0.03485623641392669,
                0.039852506260865846,
                0.033350039474867484,
                0.0317601197827104,
                0.033791100977592775,
                0.0504514484955753,
                0.03175289322294899,
                0.028425175152291114,
                0.03029247760974072,
                0.04263922108362454,
                0.02860374781428962,
                0.03440102459736974
            ]
        },
        {
            "hvalue": 16,
            "loss": [
                0.2746148216429838,
                0.04659030334446874,
                0.04020226332670211,
                0.0365105856377473,
                0.03374283076835432,
                0.0328851871445938,
                0.030272393632920083,
                0.029093570001468623,
                0.0284339331923322,
                0.026246602410045457,
                0.026619954514039968,
                0.023640022914797828,
                0.025604119099323544,
                0.0238159580316897,
                0.022629035729575416,
                0.02242713184848446,
                0.021654488140873313,
                0.02160076859745481,
                0.021098382682748874,
                0.019587777499765847
            ],
            "val_loss": [
                0.1039934436211715,
                0.08786820217564299,
                0.04609739216598305,
                0.045059069991111755,
                0.04462778568267822,
                0.03934006642147496,
                0.03848193037147458,
                0.04605778226175824,
                0.03753454085892519,
                0.044013454679500415,
                0.03667866370665866,
                0.03207414471418471,
                0.03537301454894446,
                0.030274406843189453,
                0.043552768655826114,
                0.030499392440794287,
                0.025439341351188516,
                0.0360273657668684,
                0.027444963418954128,
                0.03381438720719637
            ]
        },
        {
            "hvalue": 32,
            "loss": [
                0.48111311055285433,
                0.0599637021447799,
                0.04857266869711335,
                0.04162555962262953,
                0.03768811214494397,
                0.03549608920486592,
                0.03444610791388562,
                0.03272525107687524,
                0.030375459917374982,
                0.029910687847046133,
                0.02847699354629701,
                0.02796413176530569,
                0.0265085632074647,
                0.027740393321989337,
                0.026895646993766096,
                0.024891999046899656,
                0.023732464105276168,
                0.025634446689619558,
                0.025764979447312444,
                0.0239128172224936
            ],
            "val_loss": [
                0.10994439270045306,
                0.10549574284940152,
                0.09921879411951916,
                0.08225574878019255,
                0.044624430706372134,
                0.04726761962110932,
                0.04444537709492284,
                0.04043958361285764,
                0.045615929858507334,
                0.03566534545373272,
                0.03257833139316456,
                0.04456397594028228,
                0.033639739343040695,
                0.03306495846324676,
                0.03526538195138847,
                0.029294864249390526,
                0.03416769770351616,
                0.03560459935987318,
                0.030226578935980797,
                0.033562377472785676
            ]
        },
        {
            "hvalue": 64,
            "loss": [
                0.8159328671172261,
                0.1169151493774341,
                0.059819183474255924,
                0.04968441172038304,
                0.044238136620985545,
                0.038999831890639255,
                0.03714996324414729,
                0.03522523497246189,
                0.03473156432657591,
                0.03204405538505115,
                0.03185073538967995,
                0.030270541791639488,
                0.02802283753131894,
                0.027985443334311123,
                0.026636399460151765,
                0.026757916961829786,
                0.02490617055102417,
                0.026847798380023408,
                0.024240839625986988,
                0.024127951155196604
            ],
            "val_loss": [
                0.33666109045346576,
                0.11473887137004307,
                0.11392972362892968,
                0.09554795750549862,
                0.10714111498423985,
                0.09932689709322794,
                0.0895454432283129,
                0.06636614235384124,
                0.051974496777568546,
                0.040103400498628615,
                0.0403367820594992,
                0.03663963984165873,
                0.033887214000735966,
                0.036207736070667,
                0.03501086187149797,
                0.03470120813165392,
                0.034780025162867136,
                0.036883104805435454,
                0.03204837084880897,
                0.03772722440106528
            ]
        },
        {
            "hvalue": 128,
            "loss": [
                1.0490602124482393,
                0.6130615314066247,
                0.1863540340714713,
                0.08328852226830649,
                0.06326813524662928,
                0.05479706168573051,
                0.051118879571329975,
                0.0470384281252418,
                0.04363508881173252,
                0.042212860882580056,
                0.04019059252171644,
                0.041456686618058285,
                0.03947161011585825,
                0.03773489541413931,
                0.035831262262841924,
                0.03440737788051985,
                0.03312760547953726,
                0.03358887491853363,
                0.0336332414085206,
                0.029505838823599903
            ],