{
    "experiments": [
        {
            "hvalue": 0.25,
            "loss": [
                0.5265036646906531,
                0.29724685073822965,
                0.2974762092256988,
                0.2972424271470833,
                0.29594556757351864,
                0.29892190760826304,
                0.29427284828247924,
                0.30026638180664555,
                0.2977708141072025,
                0.29547493130324903,
                0.29781228939362575,
                0.2938098907906941,
                0.29953262501808164,
                0.2950399310436444,
                0.3010121178673546,
                0.2958706081655148,
                0.29168558149083007,
                0.30389583353648447,
                0.2949251910736573,
                0.2998151002998438
            ],
            "val_loss": [
                0.310466314489777,
                0.3139217435508161,
                0.30755594775483414,
                0.31119270904644114,
                0.32554935482708186,
                0.3180232636026434,
                0.2963202426562438,
                0.3117021209484822,
                0.30683593814437454,
                0.3149039080819568,
                0.3117058679864213,
                0.3184024143863369,
                0.3146491940762546,
                0.3171692397948858,
                0.308254697435611,
                0.31826149410492666,
                0.2993241842534091,
                0.2992337853521914,
                0.33061125632878896,
                0.3039718487778226
            ]
        },
        {
            "hvalue": 0.125,
            "loss": [
                0.4475944456897041,
                0.297756069940775,
                0.2966092795562558,
                0.2961016251826234,
                0.2991249675567803,
                0.2972213821051673,
                0.2969332250568104,
                0.29719480952858257,
                0.2960274367961077,
                0.2979093649004052,
                0.2996280127747753,
                0.2967687192763547,
                0.2954591101671202,
                0.2949763406363456,
                0.2973037137872389,
                0.3002852729673239,
                0.295844036323264,
                0.29540412308101566,
                0.29578950731426834,
                0.30259805336089274
            ],
            "val_loss": [
                0.3152730130666011,
                0.308907711022609,
                0.3019123045173851,
                0.30256424038796814,
                0.31472257987872976,
                0.28357056186005875,
                0.34687962443441955,
                0.30041006892114075,
                0.3145614334860364,
                0.322556584670737,
                0.3104439961749154,
                0.3042605716634441,
                0.3039574743928136,
                0.3176366743203756,
                0.3094697804064364,
                0.31046631126790436,
                0.3097606607385584,
                0.332575065864099,
                0.27836830350192815,
                0.33063677839330724
            ]
        },
        {
            "hvalue": 0.0625,
            "loss": [
                0.23051897453707318,
                0.07281406407266543,
                0.06634376333741537,
                0.05775192988503412,
                0.054871477333910144,
                0.049951699853423286,
                0.049951468685482385,
                0.0455221070108922,
                0.04243603713263329,
                0.04037714291706583,
                0.0388311644610282,
                0.039774927783009485,
                0.03879389406853724,
                0.03542618139184126,
                0.034664253642222274,
                0.03570050001689706,
                0.031651321888082666,
                0.03325235237742116,
                0.03198319221759285,
                0.03331071351047957
            ],
            "val_loss": [
                0.1430405034004031,
                0.14309370437183896,
                0.08924957626574748,
                0.07868949082252141,
                0.09860371939233832,
                0.0620994494372123,
                0.06197021247164623,
                0.05722575554171124,
                0.05216399998076864,
                0.04628251664139129,
                0.04684265768407164,
                0.08156436832772719,
                0.10755247844232095,
                0.048019107632540366,
                0.04469440580421203,
                0.05042993141388571,
                0.06825195021323256,
                0.044804728514439354,
                0.04261601479673708,
                0.04965245235409286
            ]
        },
        {
            "hvalue": 0.03125,
            "loss": [
                0.15626237358035447,
                0.05606539992167968,
                0.049425875878488186,
                0.04631049875065477,
                0.04282574387774813,
                0.04139814865562968,
                0.038494005894720566,
                0.03858294534931156,
                0.03941398895922508,
                0.038591708527174945,
                0.03321969544750855,
                0.034162971209966427,
                0.031808703061748524,
                0.031491623544771516,
                0.030722218076465593,
                0.02981635054133089,
                0.027822964116985493,
                0.02936427395542705,
                0.028224743242873364,
                0.027273275668610812
            ],
            "val_loss": [
                0.16002637027083216,
                0.07615182599103129,
                0.07312882460049681,
                0.05324669580000478,
                0.06458911193987808,
                0.05720934216436502,
                0.05762987850686988,
                0.07636317328826801,
                0.04500008847665142,
                0.045339890982250906,
                0.05749014639169783,
                0.042057626704509195,
                0.04410811045483963,
                0.05110423669621751,
                0.05341939497235659,
                0.049256040588826745,
                0.043575442421275215,
                0.04032866158396811,
                0.04348819013181571,
                0.0320153954262669
            ]
        },
        {
            "hvalue": 0.015625,
            "loss": [
                0.15188166232850966,
                0.05283267627101998,
                0.04682842295532344,
                0.04339575301833082,
                0.03984757248429474,
                0.03762008807553507,
                0.03537328291032759,
                0.0340841282877065,
                0.03178916601852677,
                0.03375735696451523,
                0.029400645926772866,
                0.030515042185659785,
                0.029442367556764604,
                0.026935044545648476,
                0.027103807228233617,
                0.028934349389767234,
                0.024646899260982243,
                0.024626456685482394,
                0.02434031755162917,
                0.025887865335963416
            ],